artifact	path	bytes	sha256
demo-postgresql	postgresql/R__titan_010_runtime.sql	5887	b5422b6616b3b38e1b1b8bbf0610b5ecea9d21b54fed5f920cf883b1dd45c2b9
demo-postgresql	postgresql/R__titan_020_routines.sql	2983503	e38afa0929c5f7a283b6ce8b5d8726258ee57ca25e44ed40fb423c56cba555e2
demo-postgresql	titan-artifact.json	179354	c5079b9dfb0108f7ddb7e69c1eaefa6498f53d024f82f226abd3c1091122951a
demo-postgresql	titan-graphql-database-frontend.postgresql.properties	569	8edb9b99e795dd64a7efbd0ea93521c5a481b5bdb61bd22d25e937538b1e2a17
demo-postgresql	titan-graphql-database-package-identity.sha256	65	1a03c43f0304309c05240aa2d855bce1b57a585b208e7d2f1c0cd63cd518d361
demo-postgresql	titan-graphql-database-runtime-identity.sha256	65	4b561a2bd24999aefb93c31bf315e2d6edafa2fce09f9eca7e98e1f0fa6410d2
demo-postgresql	titan-graphql-package.json	425	3e36639efec80e994b541df3fb200d62efb6437a04605bd70c6c8fa8eee66b0d
demo-postgresql	titan-install-plan.json	724416	28f75fe556d88537f1e7a9550443df00473e24a1a0434e0fc9086e23ee4c72c9
demo-postgresql	titan-install-verification.json	102895	5d883a8cea6f45b11fb6ca8b04a0317061b897936981fefff708abad9addf906
demo-postgresql	titan-object-inventory.json	479441	4c9f150a591cc27a61fb594e6e0c18ff1a566e5976c6baec2d23b438d5a89b31
demo-postgresql	titan-rollback.postgresql.sql	55503	9e0d3057cf3d539b54777a31deb287ea4b55e463c1b9b1b4dd830f23c4c4856f
demo-mysql	mysql/R__titan_010_runtime.sql	9913	6315f23689c3403fbf484c24bca328b40d3c63b029848b767ea9dc1d6a06e1cf
demo-mysql	mysql/R__titan_020_routines.sql	3486189	c81e96e96b753b745d9775be9ebd1d416f2f3be87d52aecff2e82869f574245b
demo-mysql	titan-artifact.json	174455	8e865f918b6a3a26996f547c2be0359ae27ae3d1d45bb50223e93729c6112f0a
demo-mysql	titan-graphql-database-frontend.mysql.properties	564	982cd65985817f9fd3ac36f4545eb44b8f10dbba09e98980629fed9d7ce8e338
demo-mysql	titan-graphql-database-package-identity.sha256	65	a8992f008e5043d78af3499fbf60c0ef9626c66193e6bfd7b6312171f2f73606
demo-mysql	titan-graphql-database-runtime-identity.sha256	65	2d7446109f360738542d9bec5de640b33f2da29e8c4edb6d80c18b58181c398f
demo-mysql	titan-graphql-package.json	425	c88d77a5cbbd852ecc9ce3f33e68c05b26764ab05b070f292cf98c0dec26ed73
demo-mysql	titan-install-plan.json	727616	d7402d237edaad08f378d3ddb4686d22cb71d5a403c827d882a70db1db5f4df7
demo-mysql	titan-install-verification.json	103419	8bcd7e45ba7f2dce1bcfdaf7bca51c466853f81d11f71e45d68092fa7af1413f
demo-mysql	titan-object-inventory.json	473763	1783c715fde3f60fe88054d47da49662661ff3c469ad4cfb00bff6c802655537
demo-mysql	titan-rollback.mysql.sql	47964	45a690f629cda33478d5e6fa87f959998b547ef554dc12bf1e605d991857f8b0
commerce-postgresql	postgresql/R__titan_010_runtime.sql	5887	b5422b6616b3b38e1b1b8bbf0610b5ecea9d21b54fed5f920cf883b1dd45c2b9
commerce-postgresql	postgresql/R__titan_020_routines.sql	29624231	03870ed3482a1a2b688d30136b5c1e465b4502cb64ca8e7f679001aa8d69b75f
commerce-postgresql	titan-artifact.json	192347	ce89a606743ae9c4bbd70d564687dc4f3814ade7d6ebcfd79a45762722a6d7bd
commerce-postgresql	titan-graphql-database-package-identity.sha256	65	35389af628db994e2e0d5f25e6161e987e2ef0e967e1248bbf645273806ae01e
commerce-postgresql	titan-graphql-database-runtime-identity.sha256	65	6e9f83805bcab3497c559819876b654ab6f59ebb609c4c01ab7a74a93cc833ec
commerce-postgresql	titan-graphql-package.json	415	d57715365b124b45e509749b5fe4d92defab9f11e546b1a6986660d9fc4785bc
commerce-postgresql	titan-install-plan.json	775151	b8a9a718552dec581ff55239e9f0a70c771346a4c49bf9c5d4066b2c62e18593
commerce-postgresql	titan-install-verification.json	110124	3044e9f45677a4eef4346fdda038502728eaf38f36a59c4a099e7213ac0c5437
commerce-postgresql	titan-object-inventory.json	579039	50725ee418d8d55774907c62303f6cd81b7bd4208544923616e44ab97e599d2a
commerce-postgresql	titan-rollback.postgresql.sql	60070	6dcda65846a1ee93fc4811c9942f4d75b7d035878cb7c5d7e93c3f8aeb08f349
commerce-mysql	mysql/R__titan_010_runtime.sql	9913	6315f23689c3403fbf484c24bca328b40d3c63b029848b767ea9dc1d6a06e1cf
commerce-mysql	mysql/R__titan_020_routines.sql	28246017	96315272072c09818ff022d660ed454d84d52e8af7df96ce9469eaac798c386a
commerce-mysql	titan-artifact.json	187832	78c57881699a8b13539a50118567d4d9562b515fa6c978f07f3a0decf31911ba
commerce-mysql	titan-graphql-database-package-identity.sha256	65	33fd95f04996d8bc981845575187455fb62b6fa0ca2223cc81e57fae6b171f94
commerce-mysql	titan-graphql-database-runtime-identity.sha256	65	58df6213a7c0886e0a1f91e08fa2b3e0b0e08b0ba6fe890f199d6f7e8c6a9e26
commerce-mysql	titan-graphql-package.json	415	f3bf894e1e10da87837b36e9a1d56bcd9b52f3ea3b46dff722868ede6f4851c3
commerce-mysql	titan-install-plan.json	780445	06386e6ccc4591897158f764f6f839fc8424b214d2909dd8e463bf2bf6a80feb
commerce-mysql	titan-install-verification.json	110946	06039002f4076c657597cfe6cc2d4af7b0e277e939139e76efc7c2be874a6f4a
commerce-mysql	titan-object-inventory.json	570623	e029faa923cebd266d047c6eb812d52cdd1110c3183d8c4dd307fabe221d5436
commerce-mysql	titan-rollback.mysql.sql	51501	a2fa33a0231dae725ab4c66324a04244e4e45fc315ee7524c58ca08fab07f271
frontend-zip	titan-graphql-0.1.0-database-http-frontend.zip	7705188	775ee146f31245a6a2ddaa77e238f4c940ec3a93063829d95a3453eb6ff256d5
