legacy_row	legacy_case	disposition	evidence_key
QC1-OPERATIONS-QUERY	shorthand-article-author	portable-semantics	portable-corpus
QC1-OPERATIONS-QUERY	explicit-query-article	portable-semantics	portable-corpus
QC1-OPERATIONS-NAMED	named-single-query	portable-semantics	portable-corpus
QC1-OPERATIONS-SELECTED	select-second-operation	portable-semantics	portable-corpus
QC1-OPERATIONS-SELECTED	select-operation-with-fragments	portable-semantics	portable-corpus
QC1-OPERATIONS-SELECTED	unknown-operation-name	portable-semantics	portable-corpus
QC1-OPERATIONS-SELECTED	ambiguous-operation-name	portable-semantics	portable-corpus
QC1-OPERATIONS-MULTI-MISSING	multi-operation-without-name	portable-semantics	portable-corpus
QC1-OPERATIONS-MUTATION	mutation-rejected	old-read-only-mode-obsolete	installed-mutations
QC1-OPERATIONS-MUTATION	selected-mutation-rejected	old-read-only-mode-obsolete	installed-mutations
QC1-OPERATIONS-SUBSCRIPTION	subscription-rejected	portable-semantics	portable-corpus
QC1-REQUEST-ENVELOPE	envelope-variables-and-extensions	portable-semantics	portable-corpus
QC1-REQUEST-ENVELOPE	envelope-malformed-variables	portable-semantics	portable-corpus
QC1-REQUEST-ENVELOPE	envelope-malformed-extensions	portable-semantics	portable-corpus
QC2-ERROR-SHAPE	parse-error-envelope	portable-semantics	portable-corpus
QC2-ERROR-SHAPE	validation-error-envelope	portable-semantics	portable-corpus
QC2-ERROR-SHAPE	authorization-error-envelope	portable-semantics	portable-corpus
QC2-ERROR-SHAPE	authorized-admin-email	portable-semantics	portable-corpus
QC3-VARIABLES-SCALAR	scalar-variable	portable-semantics	installed-coercion
QC3-VARIABLES-SCALAR	variable-default	portable-semantics	installed-coercion
QC3-VARIABLES-SCALAR	unknown-variable	portable-semantics	installed-coercion
QC3-VARIABLES-SCALAR	missing-required-variable	portable-semantics	installed-coercion
QC3-INPUT-OBJECTS	structured-filter-variable	portable-semantics	installed-coercion
QC3-INPUT-OBJECTS	structured-order-variable	portable-semantics	installed-coercion
QC3-INPUT-OBJECTS	malformed-structured-variable	portable-semantics	installed-coercion
QC4-ALIASES	root-and-nested-aliases	portable-semantics	portable-corpus
QC4-ALIASES	connection-aliases	portable-semantics	portable-corpus
QC4-ALIASES	conflicting-alias-response-keys	portable-semantics	portable-corpus
QC4-ALIASES	identical-duplicate-response-keys	portable-semantics	portable-corpus
QC4-TYPENAME	typename-meta-fields	portable-semantics	portable-corpus
QC4-TYPENAME	aliased-typename-only-once	portable-semantics	portable-corpus
QC5-FRAGMENTS	named-fragments	portable-semantics	portable-corpus
QC5-FRAGMENTS	fragments-in-connection-nodes	portable-semantics	portable-corpus
QC5-FRAGMENTS	inline-fragments	portable-semantics	portable-corpus
QC5-FRAGMENTS	non-matching-inline-fragment	portable-semantics	portable-corpus
QC5-FRAGMENTS	fragment-cycle-rejected	portable-semantics	portable-corpus
QC5-FRAGMENTS	unknown-fragment-rejected	portable-semantics	portable-corpus
QC5-FRAGMENTS	unused-fragment-rejected	portable-semantics	portable-corpus
QC5-FRAGMENTS	unknown-fragment-type-condition	portable-semantics	portable-corpus
QC5-DIRECTIVES-LITERAL	literal-field-directives	portable-semantics	portable-corpus
QC5-DIRECTIVES-LITERAL	literal-inline-fragment-directives	portable-semantics	portable-corpus
QC5-DIRECTIVES-VARIABLE	boolean-directive-variable	portable-semantics	portable-corpus
QC5-DIRECTIVES-VARIABLE	variable-directive-requires-request-path	old-entry-shape-obsolete	portable-corpus
QC6-FILTER-SCALAR	title-eq-filter	portable-semantics	installed-read
QC6-FILTER-SCALAR	string-operator-filters	portable-semantics	installed-read
QC6-FILTER-SCALAR	int-comparison-filters	portable-semantics	installed-read
QC6-FILTER-SCALAR	filter-composition-with-order	portable-semantics	installed-read
QC6-FILTER-SCALAR	empty-or-filter	portable-semantics	installed-read
QC6-FILTER-SCALAR	string-operator-on-int-rejected	portable-semantics	installed-read
QC6-FILTER-SCALAR	numeric-operator-on-string-rejected	portable-semantics	installed-read
QC6-FILTER-SCALAR	unknown-filter-field-rejected	portable-semantics	installed-read
QC6-FILTER-RELATION	author-name-eq-filter	portable-semantics	installed-read
QC6-FILTER-RELATION	relation-hop-filter-composition	portable-semantics	installed-read
QC6-SORT-LOCAL	local-sort-title-desc	portable-semantics	installed-read
QC6-SORT-LOCAL	local-sort-id-desc	portable-semantics	installed-read
QC6-SORT-RELATION	relation-sort-author-name-desc	portable-semantics	installed-read
QC6-SORT-RELATION	relation-sort-author-name-asc	portable-semantics	installed-read
QC6-SORT-CURSOR	generated-order-with-relay-cursor	portable-semantics	installed-read
QC7-TOTAL-COUNT-ROOT	root-total-count	portable-semantics	installed-read
QC7-TOTAL-COUNT-ROOT	root-total-count-filtered	portable-semantics	installed-read
QC7-TOTAL-COUNT-RELATION	relation-total-count-with-page-info	portable-semantics	installed-read
QC7-TOTAL-COUNT-RELATION	relation-after-cursor	portable-semantics	installed-read
QC8-COMPUTED-SELECT	computed-title-length	portable-semantics	installed-read
QC8-COMPUTED-FILTER-SORT	computed-filter-and-order	portable-semantics	installed-read
QC9-CONTEXT-FILTER	published-visibility-rows-and-counts	context-policy-replaced	tenant-corpus
QC9-CONTEXT-FILTER	visibility-composed-with-client-filters	context-policy-replaced	tenant-corpus
QC9-CONTEXT-FILTER	visibility-fails-closed-without-key	context-policy-replaced	tenant-corpus
QC9-CONTEXT-FILTER	visibility-cursor-window	context-policy-replaced	tenant-corpus
QC9-CONTEXT-FILTER	compact-context-enabled-filter-names	context-policy-replaced	tenant-corpus
QC10-INTROSPECTION-STABLE	schema-smoke-subset	portable-semantics	installed-introspection
QC10-INTROSPECTION-STABLE	type-smoke-subset	portable-semantics	installed-introspection
QC10-INTROSPECTION-SCHEMA-NULLABLES	schema-nullable-metadata	portable-semantics	installed-introspection
QC10-INTROSPECTION-FIELD-ARGS	root-field-args	portable-semantics	installed-introspection
QC10-INTROSPECTION-FIELD-ARGS	relation-field-args	portable-semantics	installed-introspection
QC10-INTROSPECTION-TYPE-WRAPPERS	query-type-wrappers	portable-semantics	installed-introspection
QC10-INTROSPECTION-TYPE-WRAPPERS	relation-type-wrappers	portable-semantics	installed-introspection
QC10-INTROSPECTION-INPUT-FIELDS	article-filter-input-fields	portable-semantics	installed-introspection
QC10-INTROSPECTION-INPUT-FIELDS	int-filter-input-fields	portable-semantics	installed-introspection
QC10-INTROSPECTION-INPUT-FIELDS	order-input-fields	portable-semantics	installed-introspection
QC10-INTROSPECTION-ENUM-VALUES	sort-direction-enum-values	portable-semantics	installed-introspection
QC10-INTROSPECTION-INCLUDE-DEPRECATED	fields-include-deprecated	portable-semantics	installed-introspection
QC10-INTROSPECTION-INCLUDE-DEPRECATED	enum-values-include-deprecated	portable-semantics	installed-introspection
QC10-INTROSPECTION-INPUT-INCLUDE-DEPRECATED	input-fields-include-deprecated	portable-semantics	installed-introspection
QC10-INTROSPECTION-DEFAULT-VALUES	argument-default-values	portable-semantics	installed-introspection
QC10-INTROSPECTION-DEFAULT-VALUES	input-field-default-values	portable-semantics	installed-introspection
QC10-INTROSPECTION-DESCRIPTIONS	enum-descriptions	portable-semantics	installed-introspection
QC10-INTROSPECTION-DESCRIPTIONS	nested-descriptions	portable-semantics	installed-introspection
QC10-INTROSPECTION-DEPRECATIONS	field-deprecations	portable-semantics	installed-introspection
QC10-INTROSPECTION-DEPRECATIONS	enum-deprecations	portable-semantics	installed-introspection
QC10-INTROSPECTION-INPUT-DEPRECATIONS	argument-deprecations	portable-semantics	installed-introspection
QC10-INTROSPECTION-INPUT-DEPRECATIONS	input-field-deprecations	portable-semantics	installed-introspection
QC10-INTROSPECTION-DIRECTIVES	schema-directives	portable-semantics	installed-introspection
QC10-INTROSPECTION-DISABLE	schema-introspection-disabled-by-default	portable-semantics	installed-introspection
QC10-INTROSPECTION-DISABLE	type-introspection-disabled-by-default	portable-semantics	installed-introspection
QC10-INTROSPECTION-DISABLE	introspection-explicitly-disabled	portable-semantics	installed-introspection
QC11-QUARKUS-POST	post-delegated-envelope	transport-replaced	standalone-http
QC11-QUARKUS-GET	get-delegated-query-only-request	transport-replaced	standalone-http
